{
  "Experiment 1": {
    "model": "TF-IDF + SVM",
    "train_acc": 1.0,
    "test_acc": 1.0,
    "split": "80/20",
    "features": "TF-IDF",
    "algorithm": "SVM"
  },
  "Experiment 2": {
    "model": "Count Vec + RF",
    "train_acc": 1.0,
    "test_acc": 1.0,
    "split": "80/20",
    "features": "Count Vectorizer",
    "algorithm": "Random Forest"
  },
  "Experiment 3": {
    "model": "TF-IDF + RF (70/30)",
    "train_acc": 0.998,
    "test_acc": 0.9973333333333333,
    "split": "70/30",
    "features": "TF-IDF",
    "algorithm": "Random Forest"
  },
  "Experiment 4": {
    "model": "LSTM Neural Network",
    "train_acc": 1.0,
    "test_acc": 1.0,
    "split": "80/20",
    "features": "Word Embeddings",
    "algorithm": "LSTM"
  },
  "Experiment 5": {
    "model": "TF-IDF + Gradient Boosting",
    "train_acc": 1.0,
    "test_acc": 1.0,
    "split": "80/20",
    "features": "TF-IDF",
    "algorithm": "Gradient Boosting"
  }
}