{
  "best_model": "TF-IDF + SVM",
  "best_accuracy": 1.0,
  "dataset_size": 5000,
  "sentiment_classes": [
    "negative",
    "positive",
    "neutral"
  ],
  "preprocessing_steps": [
    "Text cleaning (URLs, special chars, etc.)",
    "Stopword removal (Sastrawi + custom)",
    "Stemming (Sastrawi)",
    "Lowercasing"
  ],
  "feature_extraction": "TF-IDF",
  "model_algorithm": "SVM",
  "training_date": "2025-05-24T19:23:42.812490",
  "criteria_compliance": {
    "dataset_size_5k+": true,
    "three_classes": true,
    "accuracy_85%+": true,
    "multiple_experiments": true
  }
}